cpu_percent,memory_mb,latency_ms,restart_count,error_count,requests_per_sec,active_connections,replicas,available_replicas,is_reachable,label
37.0,448.4,272.5,23,61,27.9,6,2,1,1,crash_loop
100.0,359.2,561.9,4,42,136.4,98,3,3,1,service_error
13.5,151.3,3.0,0,0,172.4,168,5,5,1,healthy
13.4,745.4,536.7,0,0,152.7,2,2,2,1,latency_issue
54.6,498.5,807.7,0,12,67.8,23,4,4,1,latency_issue
95.3,767.7,361.8,2,28,1503.3,106,2,2,0,overload
18.6,265.6,18.6,4,30,100.5,35,2,2,1,service_error
53.1,457.5,2652.6,0,23,10.1,114,3,3,1,latency_issue
11.8,771.5,290.0,9,7,16.4,14,4,1,0,crash_loop
53.6,1263.7,3256.6,9,35,1076.0,292,2,2,0,overload
9.9,202.1,12.2,0,0,127.8,73,2,2,0,healthy
21.9,166.9,7.9,2,51,116.1,22,2,2,1,service_error
60.6,580.1,193.8,0,8,229.8,87,5,5,1,latency_issue
83.6,1950.0,1240.4,2,48,900.6,445,1,1,1,overload
24.4,422.7,795.0,0,5,241.4,93,5,5,1,latency_issue
37.0,310.0,879.3,0,5,11.8,148,2,2,1,latency_issue
46.3,315.6,31.2,0,12,70.5,22,5,5,1,healthy
17.0,202.3,424.2,2,34,64.3,147,4,4,1,latency_issue
44.4,611.4,93.2,2,5,35.0,38,4,4,1,service_error
35.6,339.2,658.5,3,27,5.3,68,2,1,0,crash_loop
55.2,80.0,392.5,11,74,115.2,89,4,4,1,crash_loop
58.2,306.4,30.0,13,38,61.2,50,3,3,0,crash_loop
41.3,126.8,22.1,0,6,149.8,139,4,4,1,service_error
31.2,763.4,18.4,0,25,84.8,53,3,3,1,service_error
28.2,192.1,6.4,0,0,104.8,71,4,4,1,healthy
74.9,1968.4,333.9,10,10,1290.6,30,3,3,1,overload
57.7,665.6,692.1,1,7,355.0,42,2,2,1,latency_issue
26.3,647.6,274.6,4,14,83.5,61,2,2,1,service_error
12.5,310.3,1608.1,1,14,105.0,99,2,2,1,latency_issue
33.0,568.2,626.3,0,15,235.9,29,5,5,1,latency_issue
60.9,597.3,204.2,3,72,4.5,40,5,5,1,service_error
43.5,534.6,692.4,33,37,117.5,25,2,1,0,crash_loop
53.9,309.8,30.0,18,54,65.5,74,2,2,1,crash_loop
19.9,718.7,293.9,0,46,16.1,24,3,3,1,service_error
68.3,472.7,425.8,0,38,105.5,3,4,3,1,service_error
3.0,172.5,14.1,0,10,19.3,66,3,3,1,healthy
63.2,349.7,700.7,0,10,87.6,83,2,2,1,latency_issue
4.7,191.8,46.3,2,48,145.9,105,5,5,1,service_error
51.6,437.3,46.0,0,12,108.1,50,3,3,1,healthy
37.1,778.6,327.1,0,31,4.7,17,2,2,1,service_error
20.3,202.0,9.4,1,3,181.3,140,3,3,1,healthy
89.3,2470.8,80.0,4,71,749.7,414,1,1,0,overload
60.8,158.7,128.7,2,4,191.3,27,3,3,1,healthy
36.1,736.5,52.5,1,0,96.9,51,4,4,1,healthy
34.9,1188.0,897.0,2,2,1747.5,479,3,3,0,overload
83.7,500.4,76.2,17,1,115.5,39,2,2,1,crash_loop
63.1,223.0,773.6,13,16,87.7,15,4,1,0,crash_loop
76.7,211.4,604.6,7,42,10.4,5,3,0,0,crash_loop
27.9,462.6,340.9,7,9,49.8,97,3,3,1,service_error
6.1,707.8,78.6,9,67,187.9,86,3,3,1,service_error
88.1,374.6,121.7,0,0,37.7,38,4,4,1,healthy
45.2,899.8,36.4,1,37,39.3,66,2,0,1,crash_loop
59.0,368.2,120.4,0,10,78.7,13,3,3,1,service_error
41.8,190.2,296.2,1,26,59.2,95,3,3,1,service_error
40.6,576.1,647.8,35,20,66.2,1,3,3,1,crash_loop
40.8,595.6,43.9,0,6,61.1,5,5,5,1,healthy
19.8,830.8,778.3,19,67,62.7,20,3,1,0,crash_loop
13.7,128.4,66.3,1,7,99.7,58,5,5,1,healthy
72.0,283.7,42.9,14,40,10.4,15,2,0,0,crash_loop
29.7,225.8,43.3,0,8,145.7,97,2,2,1,healthy
47.2,791.7,477.2,3,9,315.8,109,4,4,1,latency_issue
8.0,486.9,184.9,5,49,116.4,109,3,3,1,latency_issue
79.3,1251.8,981.6,7,71,783.5,840,1,0,1,overload
100.0,594.8,1325.1,7,86,2963.2,540,2,2,1,overload
32.1,326.4,1495.7,1,2,41.2,39,5,5,1,latency_issue
64.6,373.0,1404.4,2,0,172.5,71,3,3,1,latency_issue
41.7,290.7,380.5,0,0,94.9,141,4,4,1,latency_issue
19.9,315.0,169.3,0,2,68.3,48,2,2,1,healthy
31.6,463.2,336.6,0,106,96.7,1,3,2,1,service_error
88.8,1774.8,3121.1,6,26,386.7,74,3,3,1,overload
52.5,490.0,136.8,4,38,15.7,5,2,2,0,service_error
27.1,582.5,253.3,4,112,198.9,2,5,4,1,service_error
43.0,168.9,1492.0,0,6,104.8,2,4,4,1,latency_issue
72.9,1203.1,1713.7,4,45,475.5,352,1,0,1,overload
94.8,1199.8,2460.8,6,2,762.6,616,2,2,1,overload
50.2,415.8,43.3,0,132,173.1,24,5,5,1,service_error
30.1,344.7,12.1,3,45,109.7,52,4,4,1,crash_loop
42.1,674.1,88.3,0,11,210.7,131,2,2,1,healthy
32.5,633.0,928.4,0,25,43.1,80,4,4,0,latency_issue
75.4,610.7,105.6,1,12,25.8,48,4,4,1,service_error
43.5,728.4,120.0,0,10,162.3,98,3,3,1,latency_issue
18.3,445.7,39.6,0,7,76.2,124,4,4,1,healthy
68.7,1940.4,1484.7,4,58,1583.2,237,3,3,1,overload
39.8,95.6,1030.7,8,31,1.4,28,4,2,0,crash_loop
29.6,488.8,134.5,1,3,129.3,28,5,5,1,healthy
12.3,182.0,176.9,1,6,22.4,66,3,3,1,service_error
41.0,1872.4,1254.5,7,88,1048.9,74,3,2,0,overload
56.8,479.4,597.2,23,24,76.6,4,5,3,1,crash_loop
41.6,990.6,972.4,3,15,1222.3,194,2,2,1,overload
32.1,497.0,11.0,0,0,18.5,99,3,3,1,healthy
59.1,221.2,1063.6,6,9,145.3,23,3,0,0,crash_loop
35.5,498.5,68.7,0,1,286.8,97,3,3,1,healthy
72.9,1456.0,80.0,3,2,726.7,215,1,0,1,overload
65.0,1946.4,2200.8,7,28,1562.6,248,1,1,1,overload
34.2,412.7,66.9,0,0,219.9,76,5,5,1,healthy
32.2,233.5,229.7,0,44,82.6,35,4,4,1,service_error
36.1,650.4,539.5,10,61,46.8,1,2,1,0,crash_loop
15.9,202.7,1487.0,0,11,65.3,29,3,3,1,latency_issue
3.0,319.5,56.0,0,3,144.3,154,3,3,1,healthy
11.7,606.0,2148.0,0,9,105.0,107,3,3,1,latency_issue
4.9,405.3,61.3,0,4,104.1,49,2,2,1,healthy
93.7,1647.8,613.5,0,61,408.7,351,2,2,1,overload
23.3,181.8,113.2,2,1,186.4,128,3,3,1,healthy
60.3,1699.4,861.7,4,56,802.7,886,2,2,1,overload
22.8,422.6,1759.2,3,13,297.9,44,2,1,1,latency_issue
57.4,569.2,40.7,0,7,175.1,24,2,2,1,healthy
68.1,1283.3,80.0,4,25,718.6,591,1,0,1,overload
75.9,1155.9,253.5,7,87,591.3,224,3,3,0,overload
17.0,347.5,15.0,1,20,80.6,3,5,5,0,service_error
71.9,319.0,120.0,2,24,56.1,158,4,4,1,latency_issue
80.4,2246.7,1161.2,9,40,998.5,332,2,2,1,overload
23.4,198.8,738.3,11,6,68.7,54,5,5,0,crash_loop
38.7,321.1,965.9,2,8,37.0,5,5,5,1,latency_issue
41.6,405.8,30.0,17,1,3.2,20,2,1,0,crash_loop
20.0,519.8,15.0,0,58,134.9,62,2,2,1,service_error
55.9,1541.5,997.4,4,72,1592.0,483,2,1,1,overload
96.5,955.2,1262.4,0,47,894.7,461,2,2,1,overload
33.6,554.6,236.2,1,66,146.0,45,2,2,1,service_error
50.0,1331.0,493.3,9,78,1048.4,471,1,1,1,overload
15.0,528.7,3.0,0,8,49.0,39,4,4,1,healthy
47.1,60.0,324.4,3,64,3.0,15,5,4,1,service_error
48.2,404.5,22.7,0,0,236.3,45,3,3,1,healthy
76.5,1600.8,233.5,0,27,537.7,153,3,3,1,overload
28.6,177.9,165.2,0,44,138.3,87,5,5,1,service_error
84.7,1197.5,400.9,0,102,1913.7,536,3,2,1,overload
8.0,373.2,910.1,2,6,292.7,81,5,5,1,latency_issue
22.5,408.5,31.7,0,5,187.3,5,2,2,1,healthy
19.7,367.5,669.1,2,16,17.2,5,4,1,0,crash_loop
36.3,368.7,1597.9,1,7,135.5,198,2,2,1,latency_issue
90.1,1473.4,80.0,7,60,889.5,216,1,1,0,overload
21.5,418.0,1815.9,2,6,137.7,160,3,2,1,latency_issue
19.5,540.8,96.3,1,0,305.7,144,3,3,1,healthy
51.6,80.0,1146.5,1,13,166.8,5,5,5,1,latency_issue
41.7,258.0,331.5,1,5,79.4,44,2,1,0,service_error
27.5,385.8,30.0,7,54,165.5,47,5,5,0,crash_loop
24.9,565.7,356.8,2,105,121.2,70,5,5,0,service_error
38.0,758.7,120.0,1,31,97.9,24,2,2,0,latency_issue
30.5,618.1,414.0,1,63,7.5,126,5,5,1,service_error
49.9,450.8,3.0,0,0,66.1,5,3,3,1,healthy
84.4,999.5,2631.0,5,57,1424.6,284,2,2,0,overload
41.4,271.2,354.9,1,78,130.6,58,4,4,1,service_error
26.4,285.4,904.7,4,13,8.0,80,5,5,1,latency_issue
78.9,1358.3,2195.0,0,86,814.5,39,3,3,0,overload
29.0,271.3,90.5,1,5,16.3,67,3,3,0,service_error
4.0,404.8,74.4,1,0,196.8,111,4,4,1,healthy
81.9,631.4,167.8,20,8,35.0,39,3,2,1,crash_loop
41.4,313.9,115.3,0,2,249.4,39,4,4,1,healthy
45.7,321.0,56.7,1,68,68.0,41,3,3,0,service_error
76.5,1154.8,972.5,0,106,898.0,542,1,0,1,overload
30.7,180.8,3.0,0,0,73.7,5,2,2,1,healthy
66.9,159.2,577.4,16,68,86.6,54,4,2,0,crash_loop
22.0,240.0,126.0,0,2,153.9,16,2,2,1,healthy
4.5,50.0,3.0,0,8,99.2,55,5,5,1,healthy
53.1,157.0,74.4,0,0,268.8,35,3,3,1,healthy
76.4,1381.0,649.0,0,49,1345.1,626,3,2,0,overload
11.8,441.2,685.1,0,21,8.0,48,3,3,1,latency_issue
69.5,633.6,15.0,1,5,126.2,57,3,3,0,service_error
80.3,916.7,2270.9,12,62,889.5,483,2,2,1,overload
20.8,356.6,39.5,0,3,261.1,39,3,3,1,healthy
59.0,668.5,451.7,10,16,72.9,51,2,1,0,crash_loop
24.9,535.9,43.9,0,0,119.1,5,3,3,1,healthy
33.5,537.5,86.5,21,1,7.4,14,3,2,1,crash_loop
28.5,429.4,15.0,0,98,32.5,28,2,2,1,service_error
73.2,1028.9,1285.0,5,2,740.0,776,3,3,1,overload
29.1,192.7,71.0,0,0,224.8,72,2,2,1,healthy
60.3,459.9,211.2,2,25,44.3,1,3,3,1,crash_loop
50.8,305.0,3.0,0,7,58.9,66,4,4,1,healthy
88.7,1437.9,1471.1,8,94,838.8,130,2,1,1,overload
9.1,407.5,35.7,0,0,129.4,65,5,5,1,healthy
39.2,565.4,1056.4,0,1,128.6,117,5,5,1,latency_issue
11.3,470.2,2326.2,2,8,81.9,105,4,4,1,latency_issue
32.4,314.4,125.3,0,7,187.0,5,5,5,1,healthy
53.7,492.9,347.6,1,61,163.3,7,4,4,1,service_error
70.7,1798.3,429.3,0,24,763.3,30,1,1,1,overload
20.4,266.9,79.1,2,0,53.3,62,3,3,1,healthy
32.5,593.7,166.3,0,5,47.0,110,3,3,1,service_error
97.1,1847.3,2264.2,3,22,864.9,117,2,2,0,overload
63.5,773.5,976.5,2,73,1154.6,59,3,3,0,overload
8.9,266.8,21.6,0,4,162.6,110,3,3,1,healthy
3.0,462.4,3.0,1,0,227.3,51,3,3,1,healthy
60.0,652.2,597.7,12,40,83.0,21,4,2,1,crash_loop
24.8,268.6,45.7,0,0,199.1,30,5,5,1,healthy
30.8,303.3,1431.4,0,17,130.9,132,5,5,1,latency_issue
40.7,558.5,237.0,8,43,79.4,21,4,3,1,crash_loop
34.0,327.7,208.0,0,23,26.5,22,3,3,1,service_error
71.1,936.3,1040.2,5,64,846.7,774,1,1,0,overload
53.8,225.1,210.1,3,76,117.2,13,2,2,1,service_error
24.0,298.3,107.3,1,0,135.7,60,3,3,1,healthy
65.7,531.6,1143.9,25,58,35.5,14,3,0,1,crash_loop
18.0,515.6,447.1,4,45,23.1,46,5,4,1,crash_loop
27.4,1014.1,633.3,2,1,89.9,7,3,3,0,crash_loop
28.5,333.5,132.1,0,73,137.8,34,2,2,1,service_error
90.4,1775.5,1189.4,1,112,641.2,660,3,3,0,overload
20.1,175.8,125.1,0,0,232.5,96,4,4,1,healthy
10.2,475.0,104.4,0,1,160.6,11,5,5,1,healthy
41.9,354.0,88.9,0,0,161.7,5,4,4,1,healthy
25.9,541.4,15.0,2,102,83.1,68,4,4,1,service_error
88.5,1439.1,1293.3,6,88,626.1,531,1,1,1,overload
29.1,723.3,1212.8,19,38,26.7,71,4,4,1,crash_loop
60.1,511.9,30.0,2,12,29.5,12,2,0,0,crash_loop
70.8,1149.0,1957.0,6,41,715.3,30,2,2,1,overload
25.5,529.2,15.0,0,73,116.5,70,3,3,0,service_error
11.2,339.5,75.0,2,0,52.7,97,4,4,1,healthy
100.0,1661.8,2388.1,2,107,870.7,308,1,1,1,overload
44.9,339.2,127.4,4,29,62.8,36,3,2,1,service_error
12.1,402.9,41.2,0,5,156.8,35,4,4,1,healthy
69.9,1940.1,889.4,0,66,391.8,337,3,3,1,overload
3.1,457.3,29.0,0,8,107.0,112,3,3,1,healthy
64.5,387.0,83.8,4,45,69.4,38,3,3,1,service_error
81.3,481.2,57.3,11,3,169.4,36,3,2,0,crash_loop
27.7,604.7,108.0,1,3,287.7,5,5,5,1,healthy
29.6,247.0,105.7,0,4,56.6,94,3,3,1,healthy
53.4,1201.2,296.4,8,83,633.6,117,2,2,1,overload
29.0,478.8,28.5,2,100,74.7,62,4,4,1,service_error
30.5,343.0,38.1,0,5,201.2,61,5,5,1,healthy
57.4,919.5,500.5,8,17,111.4,51,2,0,0,crash_loop
53.7,201.1,510.2,0,0,68.8,162,2,2,1,latency_issue
18.4,526.9,245.5,1,11,44.2,37,5,5,1,service_error
31.9,534.7,1355.9,0,15,144.5,77,3,3,1,latency_issue
66.6,1913.9,1137.9,1,44,539.9,310,1,1,0,overload
47.5,382.1,1221.5,0,39,14.0,38,2,2,0,latency_issue
83.0,384.8,1073.8,24,11,99.8,64,3,2,1,crash_loop
23.8,267.2,1067.9,1,29,205.1,113,2,2,1,latency_issue
95.4,2039.8,1058.2,0,29,905.2,819,2,2,1,overload
39.4,341.3,713.6,0,13,104.2,140,3,2,1,latency_issue
34.4,333.7,15.0,0,70,85.6,29,4,4,1,service_error
26.9,515.3,426.9,0,46,27.7,20,4,4,1,service_error
45.9,392.3,523.7,1,9,148.9,111,2,2,0,latency_issue
33.9,461.0,651.2,2,28,179.9,8,4,3,0,crash_loop
21.8,584.3,1578.2,2,29,305.4,77,3,3,1,latency_issue
67.5,488.1,193.4,3,55,183.7,3,4,4,0,service_error
29.0,232.5,15.0,0,74,77.1,91,2,1,0,service_error
28.9,365.0,919.6,2,14,315.7,72,4,4,1,latency_issue
90.2,2000.7,1144.2,4,2,200.0,235,2,2,0,overload
50.8,400.2,102.8,5,54,42.8,44,2,1,1,service_error
64.1,615.6,1422.6,0,21,351.6,147,4,4,1,latency_issue
8.0,309.1,119.5,25,4,102.2,46,5,5,0,crash_loop
5.0,229.8,124.3,0,83,49.1,72,5,4,1,service_error
45.3,196.8,76.4,0,4,169.8,99,2,2,1,healthy
87.2,1537.8,938.9,6,36,883.1,477,1,1,0,overload
81.5,1112.0,679.6,3,56,512.7,540,3,3,1,overload
97.3,1380.1,959.8,0,30,742.7,292,1,0,0,overload
25.9,557.9,1393.2,0,6,76.0,93,5,5,1,latency_issue
41.8,521.3,165.1,4,66,184.3,47,5,5,1,service_error
80.4,1319.7,743.5,7,9,1044.4,330,2,1,1,overload
37.0,208.4,37.1,0,11,116.7,23,2,2,1,healthy
51.1,387.0,207.8,2,82,147.7,52,5,5,1,service_error
37.1,496.5,1578.0,17,36,2.0,49,5,4,0,crash_loop
25.2,377.3,120.0,0,0,99.3,88,2,2,1,latency_issue
25.4,415.0,51.6,2,19,91.7,74,3,3,1,service_error
58.2,385.1,217.9,1,87,17.4,34,4,4,1,service_error
31.2,111.5,911.6,7,34,4.3,55,5,2,1,crash_loop
40.5,332.4,82.9,1,4,176.6,29,4,4,1,healthy
27.7,208.7,14.0,1,0,241.6,73,2,2,1,healthy
74.2,1079.7,2784.8,2,58,1265.8,394,2,2,1,overload
49.9,80.0,643.6,0,25,109.0,164,5,5,1,latency_issue
72.4,816.4,768.4,7,22,98.4,26,2,1,1,crash_loop
4.0,70.5,26.5,0,0,193.5,63,3,3,1,healthy
45.3,255.2,3.7,0,21,180.1,49,5,5,1,healthy
28.8,494.0,596.2,9,45,10.6,47,5,3,1,crash_loop
56.6,270.7,42.9,4,44,114.6,104,3,3,1,service_error
76.5,571.6,2009.2,1,2,930.6,212,2,2,0,overload
36.0,60.0,264.8,3,13,151.6,36,4,4,1,service_error
54.5,452.9,438.3,0,5,119.8,84,2,1,0,service_error
50.8,576.0,51.5,0,0,166.3,17,5,5,1,healthy
3.0,376.2,129.7,0,0,15.0,33,5,5,1,healthy
43.8,182.6,41.2,0,0,183.3,32,5,5,1,healthy
44.0,318.8,1428.5,0,7,104.2,78,5,5,1,latency_issue
96.3,1098.1,2097.0,5,63,1226.4,431,1,1,0,overload
34.3,680.9,825.7,7,15,91.0,66,4,4,1,crash_loop
34.7,188.9,749.7,10,12,52.8,1,5,3,1,crash_loop
56.6,80.0,1095.1,0,6,237.7,54,5,5,1,latency_issue
66.2,474.8,527.0,2,6,9.2,45,4,1,1,crash_loop
39.7,199.2,183.8,12,1,9.4,82,2,1,0,crash_loop
52.2,211.0,1013.6,2,3,108.5,148,4,4,1,latency_issue
26.2,474.5,30.0,21,1,28.9,15,2,1,0,crash_loop
14.3,466.6,103.9,7,36,76.4,48,5,3,0,crash_loop
57.5,642.0,1815.4,0,4,168.8,83,4,4,1,latency_issue
44.7,603.3,92.3,3,67,41.3,43,2,2,1,service_error
30.5,167.0,80.6,1,5,30.5,58,5,5,1,service_error
47.3,127.7,89.8,0,10,109.6,74,4,4,1,healthy
31.2,312.9,93.7,0,36,72.9,48,3,3,1,service_error
26.9,127.4,1631.3,0,12,149.8,24,2,2,1,latency_issue
41.1,552.8,226.5,19,54,191.7,51,3,1,0,crash_loop
36.6,347.1,176.0,3,79,91.4,36,2,1,1,service_error
80.0,462.6,1073.8,2,14,209.2,92,4,4,1,latency_issue
49.3,456.6,373.7,5,70,20.8,55,5,5,1,service_error
33.1,402.6,136.4,0,74,116.6,5,4,4,1,service_error
44.5,583.4,1247.6,0,7,104.8,40,2,1,1,latency_issue
20.4,457.0,447.8,2,16,11.4,23,5,5,1,service_error
70.0,379.2,30.1,1,9,103.3,42,2,2,1,healthy
28.8,459.5,120.0,0,10,121.5,136,3,3,1,latency_issue
35.6,430.9,108.1,0,0,129.5,114,5,5,1,healthy
13.2,801.5,1811.2,0,15,154.0,97,2,2,1,latency_issue
82.8,1273.1,1932.1,7,16,1109.0,383,3,3,0,overload
100.0,1004.9,2982.3,4,20,1168.8,299,2,2,1,overload
85.3,1904.7,2922.4,1,60,1380.0,684,3,2,1,overload
72.8,162.4,30.0,2,50,90.6,15,2,0,1,crash_loop
82.5,1020.3,1848.1,0,51,1199.4,30,2,2,1,overload
21.6,606.1,1116.7,0,8,243.5,124,3,3,1,latency_issue
8.0,635.8,1154.3,19,4,2.0,26,4,4,1,crash_loop
21.1,405.6,125.3,1,0,104.2,64,3,3,1,healthy
38.0,181.8,129.9,0,52,63.6,98,5,5,1,service_error
46.9,453.2,15.0,2,25,113.8,13,2,1,1,service_error
50.6,627.0,141.5,0,5,152.9,92,2,2,1,service_error
45.9,277.5,1943.2,1,13,173.1,100,5,5,1,latency_issue
45.4,378.1,341.4,0,13,71.5,76,5,5,1,latency_issue
88.5,1350.4,1456.6,0,66,1082.4,398,2,2,0,overload
18.9,743.8,232.9,24,31,113.8,14,4,4,1,crash_loop
8.0,80.0,1344.6,0,11,73.9,5,2,2,1,latency_issue
22.5,517.4,3.0,2,3,137.3,68,5,5,1,healthy
41.4,465.5,380.4,0,57,106.8,80,2,1,1,service_error
43.4,80.0,1617.7,0,17,80.1,167,2,2,1,latency_issue
29.3,522.3,75.6,1,0,86.8,97,3,3,1,healthy
86.3,1352.3,990.3,8,80,1681.5,49,1,0,1,overload
28.6,201.0,1524.0,0,14,302.9,30,4,4,1,latency_issue
19.3,430.3,1179.4,0,18,165.9,66,4,4,0,latency_issue
45.5,197.6,1298.7,2,0,199.8,125,3,3,1,latency_issue
5.0,379.6,90.5,0,1,245.6,151,4,4,1,healthy
77.4,1609.7,3036.0,7,91,594.3,566,1,1,0,overload
70.0,349.6,3.0,0,5,85.7,65,3,3,1,healthy
10.6,50.0,75.5,0,0,120.4,68,2,2,1,healthy
94.3,1168.9,220.6,0,91,957.8,545,3,2,1,overload
8.0,80.0,120.0,0,25,173.2,83,3,3,1,latency_issue
58.2,616.1,120.0,1,6,194.0,65,5,5,1,latency_issue
40.7,340.1,62.3,2,0,27.7,100,2,1,1,healthy
77.9,1231.1,343.4,4,112,1361.2,470,2,2,0,overload
58.0,720.0,191.2,1,66,266.5,51,3,3,1,service_error
74.3,1465.8,575.7,6,38,899.5,332,3,3,1,overload
71.1,2071.5,1272.1,1,38,1384.7,380,2,2,0,overload
25.4,478.4,1255.1,0,10,96.6,128,4,4,1,latency_issue
61.3,323.0,706.9,18,63,2.1,1,4,3,1,crash_loop
23.6,384.1,23.7,0,0,149.9,86,2,2,1,healthy
57.2,381.7,705.5,0,6,233.9,122,2,2,1,latency_issue
42.4,340.4,610.8,40,8,42.3,27,4,2,0,crash_loop
62.9,121.5,346.7,1,22,79.7,62,2,2,1,service_error
41.6,423.7,120.0,0,9,120.9,42,2,2,1,latency_issue
57.8,375.4,49.3,0,64,55.4,56,3,2,1,service_error
21.4,734.0,146.8,2,47,31.7,66,4,2,1,crash_loop
30.2,266.5,58.2,0,2,180.2,68,3,3,1,healthy
59.2,609.4,1181.9,16,10,98.6,8,2,2,1,crash_loop
84.4,1368.7,615.8,1,2,233.5,536,2,2,1,overload
86.3,1615.4,317.0,5,70,1037.1,597,3,3,1,overload
43.0,733.6,30.0,16,3,176.7,36,5,2,0,crash_loop
24.1,419.0,1871.7,0,0,132.0,178,4,4,1,latency_issue
46.6,577.2,1212.5,6,25,7.6,64,4,2,1,crash_loop
52.3,314.7,131.5,0,83,104.7,43,5,5,1,service_error
5.0,375.9,412.2,1,5,40.3,62,4,4,1,service_error
4.5,413.3,54.0,1,4,142.1,87,4,4,1,healthy
63.5,224.0,247.2,3,71,27.0,127,5,5,1,service_error
36.2,352.0,911.0,0,10,8.0,60,3,3,0,latency_issue
29.8,537.1,1682.7,0,7,131.0,89,2,1,1,latency_issue
85.6,1679.6,2086.1,6,28,1122.8,635,3,3,1,overload
76.6,1799.3,1576.7,0,103,813.1,140,1,1,1,overload
36.2,161.8,91.3,0,8,47.5,95,4,4,1,healthy
17.9,365.9,78.3,0,0,239.5,22,4,4,1,healthy
94.0,1011.5,2120.1,7,7,1254.7,534,3,3,0,overload
67.3,1236.5,1350.1,4,53,1373.5,30,3,2,1,overload
32.5,262.3,27.8,0,7,150.8,44,3,3,1,healthy
48.0,294.2,51.9,6,83,41.7,47,2,2,1,service_error
83.1,1164.4,580.5,4,86,482.5,283,1,1,1,overload
42.1,497.8,344.8,25,42,64.8,65,2,1,0,crash_loop
22.6,286.2,292.8,4,91,57.1,76,3,2,1,service_error
54.0,507.3,408.7,0,6,219.0,137,3,3,1,latency_issue
29.2,433.1,216.8,0,71,66.1,31,2,2,1,service_error
52.3,303.5,63.4,5,55,11.1,40,5,5,1,service_error
14.9,312.4,15.0,0,43,147.0,3,3,3,1,service_error
68.0,1255.6,1801.6,0,2,1170.8,272,2,2,1,overload
16.3,523.1,79.1,0,9,85.8,5,2,2,1,healthy
21.5,483.0,129.6,1,11,224.9,98,2,2,1,healthy
23.9,663.4,363.4,2,39,86.9,8,5,3,1,crash_loop
97.9,1517.9,373.9,4,73,1777.7,265,2,2,0,overload
12.2,499.1,120.0,0,3,222.3,5,4,4,1,latency_issue
88.2,1205.0,1431.9,2,30,1271.9,291,2,2,1,overload
45.5,405.1,30.0,21,44,45.6,48,5,3,1,crash_loop
50.4,486.7,15.0,3,30,117.5,96,3,3,1,service_error
96.8,768.9,2149.3,8,16,434.2,838,2,2,1,overload
40.7,250.9,405.7,2,138,36.4,58,4,3,1,service_error
28.0,525.7,46.5,1,79,11.8,44,5,5,1,service_error
59.1,123.1,193.3,1,14,93.9,69,3,2,0,service_error
88.6,1321.4,2655.4,1,84,1373.6,508,1,1,1,overload
14.1,434.5,3.0,0,2,172.7,73,2,2,1,healthy
71.2,900.3,720.2,4,15,1119.3,451,3,3,1,overload
30.0,469.3,50.4,0,1,118.1,22,5,5,1,healthy
92.0,779.0,687.1,23,23,47.9,6,3,0,0,crash_loop
28.5,433.8,305.0,5,57,176.0,94,2,2,1,service_error
36.4,234.3,44.4,1,8,179.5,53,3,3,1,healthy
26.4,359.1,120.0,0,3,106.2,139,2,2,1,latency_issue
69.5,1697.1,80.0,7,63,1382.1,288,2,2,1,overload
19.7,340.8,251.5,3,11,33.7,25,5,5,1,service_error
71.8,1081.1,1499.5,3,59,633.9,704,3,3,1,overload
43.6,542.3,3.0,0,2,159.6,61,3,3,1,healthy
24.1,302.1,219.2,0,55,92.5,60,3,3,1,service_error
7.7,494.4,165.2,0,5,165.2,70,3,3,1,service_error
51.8,256.2,16.5,0,10,229.6,84,3,3,0,healthy
12.6,349.1,128.4,2,57,55.4,30,3,2,1,crash_loop
36.1,385.2,899.9,1,16,53.7,94,5,5,1,latency_issue
20.9,196.8,31.4,0,5,256.7,16,4,4,1,healthy
46.1,767.2,779.5,12,16,78.5,21,3,1,1,crash_loop
18.6,237.1,3452.4,0,12,160.6,35,3,3,1,latency_issue
32.2,283.3,1157.6,0,20,152.4,58,3,3,1,latency_issue
91.8,1404.0,1266.8,7,95,1349.4,473,2,1,1,overload
64.7,689.8,920.2,11,20,109.8,44,5,5,1,crash_loop
56.3,524.5,627.6,3,4,208.6,118,5,5,1,latency_issue
67.1,527.0,2083.8,5,62,1413.9,422,1,1,1,overload
23.8,393.9,773.5,1,6,24.8,106,2,2,0,latency_issue
34.7,312.6,42.3,0,0,15.0,10,4,4,1,healthy
48.4,293.0,58.8,23,28,38.1,1,3,0,1,crash_loop
39.8,266.5,353.5,0,57,169.9,3,4,3,1,service_error
32.3,434.7,1059.5,0,8,151.2,47,5,5,1,latency_issue
15.0,451.1,30.2,0,5,145.4,52,4,4,0,healthy
26.9,389.1,298.7,0,50,190.1,15,2,2,1,service_error
44.5,602.9,1747.0,4,14,140.6,91,5,5,1,latency_issue
65.6,650.3,154.6,4,39,76.9,25,3,2,1,service_error
32.5,894.9,395.0,2,1,39.7,36,5,3,1,crash_loop
34.2,80.8,78.9,1,2,191.1,18,3,3,1,healthy
52.7,479.0,958.1,3,18,5.9,59,5,4,1,crash_loop
44.2,487.1,120.0,0,14,8.0,136,5,5,1,latency_issue
45.7,786.2,1557.8,2,19,116.1,125,2,2,1,latency_issue
44.8,264.8,3.0,0,1,89.5,71,3,3,1,healthy
59.6,297.3,138.5,3,10,66.2,41,2,0,1,crash_loop
15.6,339.1,133.6,5,18,101.2,45,4,4,1,service_error
31.8,368.9,1031.7,1,13,212.9,116,3,3,1,latency_issue
64.0,785.1,1603.8,15,59,974.9,57,3,3,1,overload
100.0,1402.4,1332.9,3,6,800.8,699,2,2,1,overload
96.1,1160.5,1385.2,2,32,1426.2,357,3,3,0,overload
58.5,549.3,1716.2,1,0,126.9,111,4,4,1,latency_issue
7.6,321.4,35.6,1,5,75.0,90,3,3,1,healthy
84.8,2156.8,1720.8,0,43,684.0,524,1,1,0,overload
61.8,525.5,1103.7,21,47,34.5,52,5,5,0,crash_loop
41.1,292.8,105.8,0,1,165.5,65,5,5,1,healthy
34.2,394.9,120.0,2,23,201.0,148,3,3,1,latency_issue
15.5,372.1,27.1,0,10,76.8,53,5,5,0,service_error
11.8,695.3,480.7,42,42,4.4,1,4,4,0,crash_loop
37.4,689.1,466.9,3,37,128.7,1,2,2,0,crash_loop
92.7,1539.4,1090.6,4,46,842.3,30,1,1,0,overload
35.1,421.8,30.0,27,28,23.9,13,4,1,0,crash_loop
63.0,1071.6,1860.3,17,109,1019.9,609,2,2,1,overload
19.3,497.4,701.2,9,48,79.2,45,2,1,1,crash_loop
50.4,200.3,3.0,0,1,102.8,27,3,3,1,healthy
89.5,831.0,583.6,2,72,1258.7,501,1,1,1,overload
9.4,312.8,3.0,0,6,82.6,13,3,3,1,healthy
43.8,572.7,1790.4,2,29,2.0,1,4,2,0,crash_loop
52.4,615.9,913.3,24,10,80.8,1,5,2,0,crash_loop
37.0,509.3,285.4,0,0,21.9,40,5,5,1,latency_issue
26.4,309.9,45.9,0,4,167.3,41,3,3,1,healthy
3.0,375.2,36.5,1,10,76.3,5,5,5,1,healthy
86.4,1103.8,80.0,0,35,892.9,328,3,2,0,overload
88.4,737.5,709.0,5,15,1343.1,846,1,1,0,overload
45.7,50.0,22.7,0,7,206.5,16,5,5,1,healthy
66.8,205.8,351.8,14,27,82.2,42,3,1,1,crash_loop
27.4,644.5,809.8,26,26,35.6,14,3,0,0,crash_loop
42.2,228.5,95.8,0,66,66.6,57,3,2,1,service_error
23.0,779.3,1168.7,27,1,30.1,1,3,3,0,crash_loop
45.1,504.3,216.5,0,76,93.5,50,3,3,1,service_error
83.2,831.5,1518.1,2,7,1628.6,505,2,2,0,overload
70.9,468.8,613.6,2,0,250.0,168,5,4,0,latency_issue
3.0,169.3,70.1,0,3,175.7,103,4,4,1,healthy
51.5,312.7,242.7,2,2,188.6,110,3,3,1,latency_issue
52.7,809.4,931.8,11,23,45.8,1,3,3,0,crash_loop
24.7,316.3,1746.9,1,1,64.7,164,5,5,0,latency_issue
9.5,275.5,78.1,1,6,181.9,55,2,2,1,healthy
69.8,486.7,30.0,14,22,63.9,20,5,5,0,crash_loop
37.4,501.6,961.2,1,0,73.0,42,3,3,1,latency_issue
29.9,449.1,244.1,1,105,88.7,28,2,1,1,service_error
47.6,296.1,100.2,0,1,135.0,5,3,3,1,healthy
48.5,728.6,283.8,0,57,179.0,42,4,4,1,service_error
8.9,453.2,1925.1,0,0,321.4,153,4,4,1,latency_issue
35.6,279.9,62.9,0,0,106.9,136,3,3,1,healthy
59.6,674.2,1849.6,0,5,134.1,58,4,4,1,latency_issue
24.8,522.5,2024.7,0,6,243.9,145,3,3,1,latency_issue
100.0,1000.7,980.1,3,84,200.0,167,3,2,1,overload
66.3,457.8,236.9,1,61,136.1,100,3,3,1,service_error
73.2,178.3,1235.0,6,27,93.0,41,3,3,0,crash_loop
39.6,649.0,277.8,0,120,126.0,10,5,4,1,service_error
65.3,212.6,194.8,2,29,55.6,61,4,3,1,service_error
80.8,786.4,949.0,7,63,1172.3,232,1,1,1,overload
47.4,396.7,1297.5,1,5,56.7,153,5,5,1,latency_issue
72.7,1796.8,2042.6,8,32,1523.9,30,1,1,1,overload
24.7,197.8,72.2,0,0,144.5,53,5,5,1,healthy
51.3,582.2,268.1,30,17,72.5,1,3,3,1,crash_loop
11.3,709.1,120.0,1,7,149.9,184,5,5,1,latency_issue
71.7,1371.7,1824.7,0,87,1521.7,493,1,1,1,overload
89.0,1339.9,2072.4,4,96,885.3,325,2,2,0,overload
8.0,366.3,141.2,2,1,25.4,29,5,5,0,crash_loop
61.4,336.3,381.2,11,17,29.3,1,5,2,0,crash_loop
34.7,579.8,576.1,4,32,2.0,1,5,3,1,crash_loop
63.7,1435.2,2421.4,4,48,977.1,30,1,1,1,overload
76.9,525.9,1588.1,0,18,927.6,737,1,1,0,overload
96.0,1579.1,94.1,0,48,339.4,158,1,1,1,overload
12.5,244.0,108.9,0,0,205.2,56,5,5,1,healthy
78.1,2019.3,80.0,0,2,905.7,230,2,2,1,overload
16.6,708.0,865.3,28,1,66.5,69,2,0,0,crash_loop
49.5,216.1,618.5,0,17,168.6,148,4,4,1,latency_issue
75.0,190.6,142.8,0,16,21.4,54,4,4,0,service_error
52.5,197.0,573.7,29,51,138.9,1,5,3,0,crash_loop
34.0,342.2,225.1,1,7,162.9,113,2,2,1,latency_issue
51.5,482.3,80.0,6,8,149.3,62,3,3,1,service_error
46.4,502.4,794.2,1,8,29.3,131,2,2,0,latency_issue
45.9,789.7,209.3,17,36,22.8,21,5,2,0,crash_loop
21.3,487.6,15.0,1,71,79.1,32,3,2,1,service_error
67.1,466.1,112.0,0,5,40.0,56,4,4,1,service_error
62.6,1346.3,1946.6,3,25,388.5,252,3,2,1,overload
17.5,554.0,194.1,23,38,99.8,34,4,3,0,crash_loop
45.7,393.4,1070.6,0,13,223.9,22,5,5,1,latency_issue
100.0,1216.0,2338.5,10,71,1072.3,523,2,2,1,overload
28.2,752.4,712.9,2,33,161.4,14,4,4,1,crash_loop
32.2,423.4,92.7,1,0,127.6,58,3,3,1,healthy
30.4,672.6,630.6,0,14,193.4,50,3,3,0,latency_issue
25.2,442.7,372.7,19,7,28.9,46,5,2,0,crash_loop
80.7,1472.6,279.8,2,50,734.5,786,3,3,1,overload
55.5,518.8,45.6,0,0,184.9,49,3,3,1,healthy
11.6,515.4,433.8,1,10,157.7,51,5,4,0,service_error
43.7,307.7,146.8,0,58,48.1,76,3,3,1,service_error
32.2,278.1,4.7,0,3,103.0,129,5,5,1,healthy
29.0,333.0,100.8,2,10,107.4,71,3,3,1,healthy
21.4,242.4,515.0,0,18,130.1,109,2,2,1,latency_issue
59.9,416.8,308.3,0,95,84.5,3,5,5,1,service_error
86.2,1729.3,2107.3,5,36,1118.5,642,2,2,0,overload
8.0,438.2,773.6,0,5,119.0,43,3,3,1,latency_issue
81.3,1160.9,1472.0,8,53,1744.1,441,3,3,0,overload
39.6,276.5,935.9,5,17,38.1,69,4,4,1,crash_loop
28.4,525.4,45.2,2,7,117.7,91,3,3,1,healthy
77.2,1493.3,80.0,3,52,1584.1,634,3,2,1,overload
3.0,499.4,122.1,2,3,179.6,20,4,4,1,healthy
65.1,168.2,1132.0,18,1,51.7,40,4,1,1,crash_loop
32.8,852.3,1064.6,1,19,203.9,82,5,5,0,latency_issue
45.2,488.5,181.5,3,6,68.1,51,4,4,1,service_error
85.1,744.3,30.0,16,1,18.4,26,3,2,0,crash_loop
77.1,592.0,363.7,2,1,2.0,5,2,2,0,crash_loop
45.5,721.6,30.0,12,44,2.0,10,4,4,0,crash_loop
11.9,664.5,126.4,1,15,199.9,104,3,3,1,latency_issue
38.4,624.8,2167.2,2,18,36.3,5,4,4,1,latency_issue
50.2,661.7,268.2,0,47,51.2,51,4,4,0,service_error
44.6,454.6,1019.2,0,0,190.8,25,5,5,1,latency_issue
21.6,137.5,95.7,19,23,33.8,51,5,5,0,crash_loop
88.9,669.8,161.0,2,72,1189.7,423,2,2,1,overload
41.7,499.5,743.9,21,60,2.0,43,3,0,0,crash_loop
13.7,310.7,31.9,0,0,100.9,55,2,2,1,healthy
13.1,382.4,3.0,1,1,198.2,51,4,4,1,healthy
72.7,332.0,429.9,17,5,10.6,46,4,1,0,crash_loop
69.2,1460.9,2960.5,6,76,1478.0,1009,1,1,0,overload
64.1,500.9,938.2,21,56,42.9,53,3,2,0,crash_loop
42.8,373.8,68.8,1,61,91.4,57,5,5,1,service_error
65.9,768.7,840.4,23,36,110.7,51,3,1,0,crash_loop
44.2,331.1,15.0,0,62,63.1,69,3,2,1,service_error
31.5,487.0,1692.3,0,11,126.8,44,2,2,1,latency_issue
29.0,467.8,3.0,0,4,104.4,77,4,4,1,healthy
82.5,1503.7,1449.3,0,19,773.9,398,1,1,1,overload
13.7,419.7,81.2,0,9,211.5,11,4,4,1,healthy
86.1,1489.8,1683.3,6,65,771.2,473,2,2,1,overload
29.3,443.9,1160.8,0,3,63.2,5,2,2,1,latency_issue
50.1,559.8,794.8,0,17,159.9,105,4,4,1,latency_issue
28.5,608.8,733.9,2,6,177.8,110,4,4,1,latency_issue
25.7,475.3,212.8,0,90,135.7,27,2,1,1,service_error
35.1,525.5,54.2,0,6,268.1,5,4,4,1,healthy
50.7,457.6,833.2,0,8,187.0,80,4,4,1,latency_issue
60.5,393.8,1247.5,1,14,226.7,170,5,5,1,latency_issue
10.3,554.9,35.5,1,47,80.6,93,4,3,1,service_error
45.3,725.1,381.0,0,1,82.7,19,3,3,1,latency_issue
52.1,462.3,239.2,4,24,52.2,14,4,4,1,service_error
71.5,1005.8,2356.3,3,2,718.7,336,2,1,0,overload
3.0,493.3,101.2,1,6,121.2,37,5,5,1,healthy
36.4,617.8,15.0,0,85,91.9,60,4,4,1,service_error
87.2,1147.2,1696.1,8,36,1323.5,581,2,2,1,overload
43.7,344.9,1398.4,10,18,2.6,46,3,2,1,crash_loop
99.8,1069.3,926.3,0,21,1053.7,408,2,2,0,overload
8.0,230.4,120.0,0,12,65.8,69,2,2,1,latency_issue
50.0,1349.9,929.6,6,92,1083.0,329,1,1,1,overload
38.6,526.5,30.0,8,38,44.1,51,2,0,0,crash_loop
74.4,990.7,80.0,5,62,1261.0,365,3,3,1,overload
34.5,709.4,237.2,32,52,38.1,103,2,2,1,crash_loop
29.5,504.9,213.8,0,40,159.9,19,3,3,1,service_error
75.2,1369.3,1965.5,3,22,735.5,613,3,3,1,overload
90.9,487.9,939.1,9,33,86.3,53,3,1,1,crash_loop
76.1,486.7,1216.2,1,2,220.9,28,4,3,1,latency_issue
94.3,1151.2,889.4,5,56,1616.2,537,1,1,1,overload
52.8,506.6,145.6,0,5,65.8,45,4,4,1,service_error
43.1,224.2,717.5,2,1,103.6,32,2,1,0,crash_loop
52.4,50.0,75.9,0,2,147.4,132,5,5,1,healthy
16.3,425.4,120.0,0,0,153.3,94,3,3,1,latency_issue
100.0,1875.1,80.0,0,39,1662.2,203,2,1,1,overload
48.7,475.6,92.6,3,5,91.5,17,5,5,1,service_error
14.2,290.2,963.3,1,7,185.4,14,2,2,1,latency_issue
70.5,83.3,693.7,17,29,138.2,23,3,1,1,crash_loop
39.7,375.3,456.2,0,48,105.6,55,3,3,1,service_error
18.1,351.8,139.9,2,23,91.1,3,2,2,1,service_error
68.7,793.9,2087.8,1,41,849.5,312,1,1,1,overload
50.5,251.9,84.2,5,26,81.1,61,4,4,0,service_error
11.2,545.9,621.9,0,0,186.2,98,3,3,1,latency_issue
60.8,685.5,213.9,2,1,57.0,79,3,2,1,latency_issue
35.9,360.8,243.9,0,56,45.5,93,2,2,1,service_error
33.5,367.6,126.3,6,67,70.0,45,3,3,0,service_error
28.3,739.3,120.0,3,7,49.4,43,5,5,1,latency_issue
74.3,1161.6,195.2,5,2,785.5,357,1,1,1,overload
100.0,1655.1,914.0,9,54,787.4,204,2,2,0,overload
15.8,390.7,1535.6,19,21,114.1,34,3,0,0,crash_loop
26.4,598.0,405.7,4,19,234.7,55,5,5,1,service_error
61.3,559.4,923.2,27,54,82.3,1,5,3,1,crash_loop
85.8,1380.9,2675.0,6,10,1361.2,30,1,1,0,overload
82.7,1968.9,80.0,2,73,1363.1,809,3,3,1,overload
62.9,1698.4,1290.1,9,54,555.7,455,3,3,0,overload
63.2,1579.3,2802.1,2,80,835.1,312,3,2,0,overload
55.1,784.5,80.0,3,78,1365.3,683,1,1,1,overload
68.2,185.7,603.9,2,24,84.6,53,3,1,0,crash_loop
44.2,415.6,833.6,10,13,103.2,44,3,1,1,crash_loop
37.6,233.4,27.9,0,0,164.3,82,2,2,1,healthy
44.0,606.7,120.0,0,0,174.0,71,3,3,1,latency_issue
36.3,548.0,1320.9,0,7,211.6,188,4,4,1,latency_issue
91.0,1147.0,433.7,9,33,68.5,29,4,1,1,crash_loop
39.6,393.5,41.7,1,2,213.5,57,4,4,1,healthy
47.9,577.9,437.3,11,1,11.8,42,3,1,1,crash_loop
52.3,374.1,141.9,2,17,51.5,25,4,4,1,latency_issue
94.8,1202.0,1355.6,2,96,340.7,31,3,3,0,overload
85.8,1580.5,1616.8,0,15,823.2,363,1,0,1,overload
64.8,1012.5,2422.4,3,103,764.9,286,2,2,1,overload
16.6,603.0,33.4,0,9,246.5,69,5,5,1,healthy
82.3,489.9,30.0,21,64,42.7,36,2,2,0,crash_loop
31.0,511.0,179.2,2,0,96.7,23,3,3,0,latency_issue
48.6,179.6,102.2,5,38,130.9,16,4,1,0,crash_loop
44.5,233.8,684.5,15,32,23.7,46,4,4,0,crash_loop
40.4,573.7,493.9,23,54,2.0,46,3,2,1,crash_loop
72.5,1625.8,1712.2,2,88,200.0,165,3,2,0,overload
36.4,655.3,581.1,0,21,120.8,144,4,4,1,latency_issue
44.2,495.8,15.0,0,30,42.3,42,3,3,1,service_error
45.4,520.9,15.0,3,117,3.0,13,5,5,1,service_error
78.9,1379.6,574.6,0,34,1695.3,492,2,2,1,overload
22.4,369.3,1759.0,0,2,91.4,29,2,2,1,latency_issue
39.0,352.7,45.5,0,3,192.1,55,2,2,1,healthy
86.7,1329.8,80.0,0,25,884.4,428,1,1,1,overload
70.4,1592.8,1094.2,0,63,729.3,30,1,1,0,overload
77.7,386.9,478.0,29,53,31.8,1,3,3,1,crash_loop
55.4,511.7,82.6,1,0,58.7,104,2,2,1,healthy
50.7,280.1,47.9,28,30,13.3,63,3,1,0,crash_loop
54.5,351.7,111.5,0,61,90.3,52,5,5,1,service_error
57.5,360.3,488.6,5,15,58.1,15,5,5,0,crash_loop
40.8,152.7,80.9,0,4,26.9,106,5,5,1,healthy
38.5,267.1,92.2,2,5,224.7,104,3,3,1,healthy
24.6,304.8,120.0,0,23,92.5,94,3,3,1,latency_issue
3.0,606.4,99.8,0,2,227.3,5,3,3,1,healthy
44.8,219.6,3.0,1,2,199.5,43,2,2,1,healthy
73.8,1344.4,811.1,4,82,678.1,30,1,1,1,overload
8.0,353.8,120.0,3,0,107.1,158,5,5,1,latency_issue
58.5,393.0,1230.4,22,25,105.6,89,2,1,0,crash_loop
40.6,413.7,238.5,0,94,115.3,20,4,3,1,service_error
45.5,80.0,1217.3,0,5,84.1,130,4,3,0,latency_issue
29.2,441.5,50.2,1,102,99.8,39,3,3,0,service_error
35.8,237.1,194.2,0,24,118.2,63,4,3,1,service_error
54.0,348.7,959.1,2,1,109.1,58,5,2,1,crash_loop
78.5,566.3,1194.6,27,55,2.0,13,2,2,0,crash_loop
30.2,235.9,30.6,2,2,123.9,52,4,3,1,healthy
24.0,428.6,43.0,0,2,15.0,55,4,4,1,healthy
56.1,780.1,482.1,8,1,4.6,38,5,4,1,crash_loop
93.4,400.0,982.9,7,2,1391.8,125,1,1,1,overload
27.6,632.5,109.6,0,4,183.4,18,4,4,1,healthy
83.0,658.3,2181.6,0,32,373.8,296,3,3,0,overload
35.2,315.3,389.6,27,15,75.0,51,2,2,0,crash_loop
4.6,238.6,113.6,2,0,168.1,24,2,2,1,healthy
40.6,451.2,16.4,0,6,107.2,76,3,3,1,healthy
12.1,1000.0,733.8,0,12,8.0,204,2,2,1,latency_issue
3.0,300.1,121.1,0,0,111.9,36,3,3,1,healthy
50.9,587.9,403.0,18,58,77.0,14,3,3,1,crash_loop
52.0,502.8,496.5,2,34,128.5,88,4,4,1,service_error
51.1,427.7,1559.1,0,24,89.7,91,2,2,0,latency_issue
56.7,303.0,2474.8,1,0,294.2,13,4,4,1,latency_issue
28.0,267.7,80.6,0,14,233.5,74,2,2,1,healthy
14.1,241.8,17.5,0,86,12.0,46,4,4,1,service_error
24.3,228.5,1688.2,0,16,238.9,85,3,3,1,latency_issue
20.1,255.8,120.0,2,0,8.0,163,5,5,1,latency_issue
27.2,312.6,75.5,25,38,40.5,67,3,3,1,crash_loop
21.2,953.9,156.1,2,6,91.0,11,3,0,0,crash_loop
100.0,1091.2,1050.6,0,68,1362.7,291,1,1,1,overload
50.2,652.2,253.7,2,20,268.5,86,2,1,1,latency_issue
22.6,530.3,1695.8,0,17,154.4,63,5,5,1,latency_issue
25.9,187.2,912.1,0,34,8.0,94,2,2,1,latency_issue
26.0,656.6,667.0,4,65,61.5,6,5,4,1,crash_loop
34.2,349.3,144.7,5,52,75.1,25,2,2,1,service_error
60.3,376.2,397.5,2,77,176.6,50,3,2,0,crash_loop
32.8,364.9,45.5,0,0,83.2,59,3,3,1,healthy
70.6,271.0,643.9,18,22,109.6,21,3,3,1,crash_loop
34.4,644.1,233.8,6,105,63.0,32,2,2,1,service_error
36.7,84.7,23.2,0,0,106.3,75,2,2,1,healthy
59.2,1125.0,2136.9,2,50,468.2,720,3,3,0,overload
46.1,561.1,30.0,12,44,84.8,1,3,0,0,crash_loop
39.0,140.3,3.0,0,0,186.6,31,4,4,1,healthy
35.9,345.9,120.0,0,14,105.2,121,3,3,1,latency_issue
41.9,50.0,61.2,2,0,193.7,127,4,4,1,healthy
41.4,534.0,30.0,12,18,119.6,12,2,1,1,crash_loop
61.0,332.5,229.2,5,58,20.2,3,5,5,1,service_error
50.9,233.1,229.9,2,20,74.3,44,5,5,0,crash_loop
52.1,452.7,172.1,2,52,89.7,3,5,4,0,service_error
3.7,491.9,3.0,0,0,175.8,38,5,5,1,healthy
42.9,414.3,189.7,0,5,140.5,11,5,4,1,service_error
16.1,697.6,811.3,9,42,85.6,37,5,3,1,crash_loop
13.7,235.9,198.4,3,25,175.7,66,3,2,0,service_error
39.9,243.5,625.4,1,16,107.9,90,3,3,1,latency_issue
30.8,327.9,83.3,0,2,145.4,5,4,4,1,healthy
13.7,404.6,15.0,4,5,59.9,48,5,5,1,service_error
84.5,1462.8,1216.6,0,95,394.6,326,3,3,0,overload
36.8,424.0,97.6,3,88,3.0,25,3,2,1,service_error
38.6,205.2,1110.5,0,10,180.6,186,3,3,1,latency_issue
33.2,678.1,1476.2,0,9,138.7,105,2,2,1,latency_issue
83.3,1358.6,2674.9,2,45,314.8,900,1,1,1,overload
83.5,728.8,1550.2,7,48,972.6,457,1,1,1,overload
19.5,763.4,834.0,12,1,99.7,38,2,0,1,crash_loop
100.0,1602.6,80.0,9,42,1671.7,196,3,3,0,overload
11.6,272.3,556.8,2,27,75.5,6,5,4,1,crash_loop
19.1,402.3,1441.7,0,8,18.8,106,3,3,1,latency_issue
42.1,214.5,848.9,12,53,114.5,49,3,0,0,crash_loop
62.6,813.2,1173.9,17,24,111.9,9,5,2,0,crash_loop
76.9,1483.9,1998.1,0,62,1032.6,123,2,1,1,overload
40.7,455.0,120.0,1,0,90.1,24,5,5,1,latency_issue
86.4,1126.7,80.0,5,57,558.8,621,2,2,1,overload
43.7,527.7,808.6,35,21,38.1,65,3,0,1,crash_loop
83.6,1316.1,1481.3,9,55,664.4,342,2,2,0,overload
21.2,446.7,407.8,37,39,9.6,46,2,2,0,crash_loop
22.7,427.9,83.4,0,0,195.5,11,4,4,1,healthy
62.9,470.6,304.9,22,53,120.3,1,2,0,0,crash_loop
21.2,244.5,525.2,14,30,87.4,22,5,5,1,crash_loop
45.7,296.0,120.0,0,0,135.9,78,4,4,1,latency_issue
44.0,325.4,52.5,0,10,172.6,33,2,2,1,healthy
48.5,410.4,15.0,1,45,115.9,26,2,2,1,service_error
66.6,455.5,30.0,22,66,43.2,1,3,3,0,crash_loop
50.7,246.3,976.5,0,23,158.3,20,4,4,1,latency_issue
55.4,308.9,694.6,0,14,125.3,107,3,3,1,latency_issue
51.0,397.0,120.0,2,3,165.0,94,3,3,1,latency_issue
12.9,500.7,15.0,1,25,140.4,55,2,2,1,service_error
46.8,420.8,246.3,0,5,218.3,81,4,4,1,service_error
48.6,241.4,767.9,34,31,53.9,73,5,2,0,crash_loop
45.4,352.7,21.0,0,84,111.0,63,5,5,0,service_error
60.0,604.6,381.5,7,112,76.0,72,3,3,1,service_error
97.1,1755.0,80.0,5,60,1192.1,297,1,0,1,overload
17.8,186.7,22.4,1,4,204.0,108,2,2,1,healthy
100.0,1369.7,1080.7,1,2,526.9,581,1,1,0,overload
22.4,149.5,3.0,0,0,140.1,125,5,5,1,healthy
5.0,386.1,366.2,6,45,93.3,90,4,4,0,service_error
34.4,351.3,66.0,1,0,168.9,153,3,3,1,healthy
68.3,656.4,746.4,20,42,43.2,34,4,3,0,crash_loop
33.5,687.8,304.8,5,5,101.7,85,5,5,1,service_error
52.6,537.4,675.0,0,16,132.5,31,2,2,1,latency_issue
57.9,698.4,902.5,2,13,31.1,53,2,1,0,crash_loop
41.5,216.9,44.4,0,0,257.4,50,2,2,1,healthy
90.8,1617.2,887.8,3,136,438.1,949,1,1,1,overload
70.0,510.3,111.0,0,11,99.3,88,2,2,1,healthy
96.3,1142.7,1126.5,3,36,1280.0,392,3,3,0,overload
22.4,496.4,31.3,0,3,232.1,75,5,5,1,healthy
37.7,181.9,105.3,1,0,212.1,55,5,5,1,healthy
30.4,508.9,2154.5,0,0,79.4,81,4,4,1,latency_issue
11.2,134.5,152.0,0,14,83.1,92,3,3,1,service_error
52.7,433.8,58.3,1,6,114.4,116,3,2,1,healthy
